ds;y
2018-01-01;8
2018-01-02;73
2018-01-03;82
2018-01-04;122
2018-01-05;12
2018-01-06;11
2018-01-07;29
2018-01-08;510
2018-01-09;468
2018-01-10;389
2018-01-11;404
2018-01-12;396
2018-01-13;30
2018-01-14;9
2018-01-15;452
2018-01-16;389
2018-01-17;357
2018-01-18;434
2018-01-19;390
2018-01-20;17
2018-01-21;19
2018-01-22;341
2018-01-23;453
2018-01-24;359
2018-01-25;412
2018-01-26;326
2018-01-27;33
2018-01-28;30
2018-01-29;402
2018-01-30;409
2018-01-31;427
2018-02-01;482
2018-02-02;283
2018-02-03;21
2018-02-04;22
2018-02-05;292
2018-02-06;305
2018-02-07;348
2018-02-08;480
2018-02-09;309
2018-02-10;19
2018-02-11;14
2018-02-12;28
2018-02-13;33
2018-02-14;36
2018-02-15;398
2018-02-16;347
2018-02-17;31
2018-02-18;20
2018-02-19;365
2018-02-20;398
2018-02-21;346
2018-02-22;515
2018-02-23;347
2018-02-24;14
2018-02-25;32
2018-02-26;395
2018-02-27;357
2018-02-28;401
2018-03-01;425
2018-03-02;301
2018-03-03;38
2018-03-04;25
2018-03-05;363
2018-03-06;455
2018-03-07;415
2018-03-08;305
2018-03-09;290
2018-03-10;21
2018-03-11;27
2018-03-12;450
2018-03-13;431
2018-03-14;423
2018-03-15;366
2018-03-16;409
2018-03-17;11
2018-03-18;41
2018-03-19;428
2018-03-20;338
2018-03-21;327
2018-03-22;392
2018-03-23;376
2018-03-24;51
2018-03-25;42
2018-03-26;557
2018-03-27;331
2018-03-28;134
2018-03-29;102
2018-03-30;27
2018-03-31;21
2018-04-01;20
2018-04-02;384
2018-04-03;429
2018-04-04;392
2018-04-05;410
2018-04-06;316
2018-04-07;105
2018-04-08;31
2018-04-09;368
2018-04-10;399
2018-04-11;371
2018-04-12;325
2018-04-13;298
2018-04-14;66
2018-04-15;37
2018-04-16;369
2018-04-17;372
2018-04-18;395
2018-04-19;328
2018-04-20;319
2018-04-21;39
2018-04-22;22
2018-04-23;452
2018-04-24;435
2018-04-25;430
2018-04-26;446
2018-04-27;321
2018-04-28;62
2018-04-29;37
2018-04-30;331
2018-05-01;33
2018-05-02;372
2018-05-03;403
2018-05-04;320
2018-05-05;8
2018-05-06;37
2018-05-07;445
2018-05-08;402
2018-05-09;437
2018-05-10;432
2018-05-11;315
2018-05-12;31
2018-05-13;26
2018-05-14;401
2018-05-15;366
2018-05-16;445
2018-05-17;435
2018-05-18;342
2018-05-19;29
2018-05-20;21
2018-05-21;347
2018-05-22;472
2018-05-23;437
2018-05-24;384
2018-05-25;362
2018-05-26;27
2018-05-27;29
2018-05-28;433
2018-05-29;419
2018-05-30;406
2018-05-31;41
2018-06-01;133
2018-06-02;24
2018-06-03;23
2018-06-04;403
2018-06-05;512
2018-06-06;416
2018-06-07;365
2018-06-08;330
2018-06-09;19
2018-06-10;10
2018-06-11;404
2018-06-12;417
2018-06-13;1135
2018-06-14;420
2018-06-15;366
2018-06-16;28
2018-06-17;17
2018-06-18;392
2018-06-19;414
2018-06-20;454
2018-06-21;365
2018-06-22;36
2018-06-23;38
2018-06-24;36
2018-06-25;465
2018-06-26;401
2018-06-27;219
2018-06-28;402
2018-06-29;41
2018-06-30;38
2018-07-01;27
2018-07-02;141
2018-07-03;468
2018-07-04;415
2018-07-05;438
2018-07-06;258
2018-07-07;45
2018-07-08;46
2018-07-09;362
2018-07-10;430
2018-07-11;447
2018-07-12;379
2018-07-13;332
2018-07-14;24
2018-07-15;21
2018-07-16;394
2018-07-17;423
2018-07-18;371
2018-07-19;400
2018-07-20;481
2018-07-21;24
2018-07-22;16
2018-07-23;384
2018-07-24;448
2018-07-25;447
2018-07-26;418
2018-07-27;329
2018-07-28;19
2018-07-29;21
2018-07-30;617
2018-07-31;622
2018-08-01;668
2018-08-02;817
2018-08-03;675
2018-08-04;275
2018-08-05;270
2018-08-06;703
2018-08-07;699
2018-08-08;1519
2018-08-09;697
2018-08-10;1246
2018-08-11;254
2018-08-12;23
2018-08-13;230
2018-08-14;367
2018-08-15;362
2018-08-16;458
2018-08-17;307
2018-08-18;30
2018-08-19;51
2018-08-20;492
2018-08-21;288
2018-08-22;396
2018-08-23;383
2018-08-24;319
2018-08-25;418
2018-08-26;1009
2018-08-27;526
2018-08-28;804
2018-08-29;411
2018-08-30;334
2018-08-31;368
2018-09-01;41
2018-09-02;19
2018-09-03;321
2018-09-04;351
2018-09-05;292
2018-09-06;313
2018-09-07;38
2018-09-08;33
2018-09-09;28
2018-09-10;326
2018-09-11;330
2018-09-12;349
2018-09-13;327
2018-09-14;305
2018-09-15;33
2018-09-16;32
2018-09-17;338
2018-09-18;388
2018-09-19;329
2018-09-20;319
2018-09-21;237
2018-09-22;9
2018-09-23;32
2018-09-24;381
2018-09-25;348
2018-09-26;394
2018-09-27;329
2018-09-28;339
2018-09-29;61
2018-09-30;51
2018-10-01;411
2018-10-02;494
2018-10-03;74
2018-10-04;283
2018-10-05;273
2018-10-06;24
2018-10-07;32
2018-10-08;317
2018-10-09;351
2018-10-10;304
2018-10-11;330
2018-10-12;1
2018-10-13;13
2018-10-14;45
2018-10-15;396
2018-10-16;322
2018-10-17;341
2018-10-18;633
2018-10-19;1067
2018-10-20;585
2018-10-21;637
2018-10-22;1108
2018-10-23;521
2018-10-24;525
2018-10-25;907
2018-10-26;407
2018-10-27;10
2018-10-28;9
2018-10-29;824
2018-10-30;639
2018-10-31;576
2018-11-01;294
2018-11-02;910
2018-11-03;836
2018-11-04;1090
2018-11-05;1259
2018-11-06;1051
2018-11-07;406
2018-11-08;330
2018-11-09;945
2018-11-10;85
2018-11-11;89
2018-11-12;482
2018-11-13;1086
2018-11-14;327
2018-11-15;686
2018-11-16;506
2018-11-17;315
2018-11-18;76
2018-11-19;334
2018-11-20;341
2018-11-21;224
2018-11-22;334
2018-11-23;260
2018-11-24;61
2018-11-25;47
2018-11-26;372
2018-11-27;359
2018-11-28;365
2018-11-29;299
2018-11-30;556
2018-12-01;37
2018-12-02;17
2018-12-03;360
2018-12-04;319
2018-12-05;298
2018-12-06;280
2018-12-07;243
2018-12-08;38
2018-12-09;944
2018-12-10;883
2018-12-11;473
2018-12-12;496
2018-12-13;553
2018-12-14;1170
2018-12-15;896
2018-12-16;51
2018-12-17;502
2018-12-18;553
2018-12-19;559
2018-12-20;531
2018-12-21;936
2018-12-22;1775
2018-12-23;958
2018-12-24;967
2018-12-25;67
2018-12-26;225
2018-12-27;196
2018-12-28;268
2018-12-29;69
2018-12-30;157
2018-12-31;101
2019-01-01;14
2019-01-02;61
2019-01-03;108
2019-01-04;106
2019-01-05;31
2019-01-06;18
2019-01-07;197
2019-01-08;193
2019-01-09;201
2019-01-10;233
2019-01-11;229
2019-01-12;19
2019-01-13;27
2019-01-14;250
2019-01-15;251
2019-01-16;267
2019-01-17;322
2019-01-18;233
2019-01-19;28
2019-01-20;32
2019-01-21;284
2019-01-22;216
2019-01-23;265
2019-01-24;291
2019-01-25;393
2019-01-26;25
2019-01-27;50
2019-01-28;247
2019-01-29;286
2019-01-30;312
2019-01-31;315
2019-02-01;226
2019-02-02;38
2019-02-03;33
2019-02-04;215
2019-02-05;203
2019-02-06;318
2019-02-07;246
2019-02-08;243
2019-02-09;12
2019-02-10;54
2019-02-11;263
2019-02-12;270
2019-02-13;299
2019-02-14;255
2019-02-15;263
2019-02-16;38
2019-02-17;27
2019-02-18;341
2019-02-19;279
2019-02-20;247
2019-02-21;323
2019-02-22;233
2019-02-23;47
2019-02-24;29
2019-02-25;322
2019-02-26;366
2019-02-27;319
2019-02-28;430
2019-03-01;219
2019-03-02;40
2019-03-03;35
2019-03-04;35
2019-03-05;47
2019-03-06;93
2019-03-07;314
2019-03-08;233
2019-03-09;43
2019-03-10;44
2019-03-11;282
2019-03-12;322
2019-03-13;281
2019-03-14;256
2019-03-15;221
2019-03-16;54
2019-03-17;34
2019-03-18;299
2019-03-19;308
2019-03-20;366
2019-03-21;396
2019-03-22;544
2019-03-23;33
2019-03-24;31
2019-03-25;457
2019-03-26;333
2019-03-27;320
2019-03-28;508
2019-03-29;423
2019-03-30;53
2019-03-31;41
2019-04-01;296
2019-04-02;301
2019-04-03;345
2019-04-04;273
2019-04-05;279
2019-04-06;45
2019-04-07;54
2019-04-08;344
2019-04-09;314
2019-04-10;342
2019-04-11;334
2019-04-12;263
2019-04-13;78
2019-04-14;53
2019-04-15;309
2019-04-16;383
2019-04-17;158
2019-04-18;107
2019-04-19;28
2019-04-20;46
2019-04-21;22
2019-04-22;319
2019-04-23;397
2019-04-24;345
2019-04-25;371
2019-04-26;290
2019-04-27;30
2019-04-28;30
2019-04-29;344
2019-04-30;462
2019-05-01;57
2019-05-02;538
2019-05-03;256
2019-05-04;64
2019-05-05;36
2019-05-06;295
2019-05-07;308
2019-05-08;294
2019-05-09;302
2019-05-10;324
2019-05-11;55
2019-05-12;22
2019-05-13;336
2019-05-14;283
2019-05-15;197
2019-05-16;90
2019-05-17;164
2019-05-18;56
2019-05-19;48
2019-05-20;521
2019-05-21;489
2019-05-22;382
2019-05-23;377
2019-05-24;339
2019-05-25;73
2019-05-26;55
2019-05-27;308
2019-05-28;473
2019-05-29;325
2019-05-30;294
2019-05-31;294
2019-06-01;35
2019-06-02;32
2019-06-03;349
2019-06-04;305
2019-06-05;343
2019-06-06;319
2019-06-07;323
2019-06-08;46
2019-06-09;47
2019-06-10;330
2019-06-11;306
2019-06-12;291
2019-06-13;339
2019-06-14;273
2019-06-15;36
2019-06-16;37
2019-06-17;299
2019-06-18;333
2019-06-19;292
2019-06-20;209
2019-06-21;120
2019-06-22;40
2019-06-23;34
2019-06-24;183
2019-06-25;292
2019-06-26;310
2019-06-27;298
2019-06-28;279
2019-06-29;40
2019-06-30;42
2019-07-01;325
2019-07-02;360
2019-07-03;264
2019-07-04;335
2019-07-05;287
2019-07-06;50
2019-07-07;61
2019-07-08;318
2019-07-09;335
2019-07-10;337
2019-07-11;354
2019-07-12;301
2019-07-13;46
2019-07-14;26
2019-07-15;308
2019-07-16;296
2019-07-17;316
2019-07-18;280
2019-07-19;287
2019-07-20;25
2019-07-21;34
2019-07-22;290
2019-07-23;353
2019-07-24;369
2019-07-25;348
2019-07-26;636
2019-07-27;18
2019-07-28;5
2019-07-29;113
2019-07-30;182
2019-07-31;190
2019-08-01;236
2019-08-02;328
2019-08-03;49
2019-08-04;43
2019-08-05;283
2019-08-06;357
2019-08-07;381
2019-08-08;374
2019-08-09;250
2019-08-10;46
2019-08-11;59
2019-08-12;418
2019-08-13;456
2019-08-14;379
2019-08-15;414
2019-08-16;272
2019-08-17;9
2019-08-18;31
2019-08-19;267
2019-08-20;306
2019-08-21;227
2019-08-22;310
2019-08-23;486
2019-08-24;50
2019-08-25;49
2019-08-26;676
2019-08-27;784
2019-08-28;461
2019-08-29;397
2019-08-30;292
2019-08-31;52
2019-09-01;51
2019-09-02;410
2019-09-03;228
2019-09-04;360
2019-09-05;371
2019-09-06;368
2019-09-07;30
2019-09-08;57
2019-09-09;375
2019-09-10;388
2019-09-11;371
2019-09-12;373
2019-09-13;329
2019-09-14;57
2019-09-15;34
2019-09-16;400
2019-09-17;397
2019-09-18;415
2019-09-19;405
2019-09-20;349
2019-09-21;92
2019-09-22;48
2019-09-23;402
2019-09-24;76
2019-09-25;636
2019-09-26;362
2019-09-27;338
2019-09-28;37
2019-09-29;25
2019-09-30;383
2019-10-01;378
2019-10-02;344
2019-10-03;118
2019-10-04;270
2019-10-05;57
2019-10-06;31
2019-10-07;339
2019-10-08;355
2019-10-09;355
2019-10-10;296
2019-10-11;265
2019-10-12;46
2019-10-13;54
2019-10-14;354
2019-10-15;377
2019-10-16;245
2019-10-17;397
2019-10-18;234
2019-10-19;77
2019-10-20;41
2019-10-21;386
2019-10-22;350
2019-10-23;368
2019-10-24;319
2019-10-25;285
2019-10-26;73
2019-10-27;33
2019-10-28;232
2019-10-29;365
2019-10-30;353
2019-10-31;422
2019-11-01;269
2019-11-02;52
2019-11-03;33
2019-11-04;340
2019-11-05;298
2019-11-06;302
2019-11-07;278
2019-11-08;245
2019-11-09;47
2019-11-10;37
2019-11-11;340
2019-11-12;340
2019-11-13;384
2019-11-14;308
2019-11-15;34
2019-11-16;42
2019-11-17;48
2019-11-18;317
2019-11-19;338
2019-11-20;330
2019-11-21;239
2019-11-22;391
2019-11-23;52
2019-11-24;45
2019-11-25;362
2019-11-26;344
2019-11-27;303
2019-11-28;392
2019-11-29;306
2019-11-30;59
2019-12-01;38
2019-12-02;329
2019-12-03;339
2019-12-04;391
2019-12-05;378
2019-12-06;271
2019-12-07;55
2019-12-08;34
2019-12-09;290
2019-12-10;318
2019-12-11;321
2019-12-12;301
2019-12-13;321
2019-12-14;62
2019-12-15;66
2019-12-16;394
2019-12-17;411
2019-12-18;405
2019-12-19;466
2019-12-20;196
2019-12-21;45
2019-12-22;39
2019-12-23;157
2019-12-24;52
2019-12-25;15
2019-12-26;197
2019-12-27;93
2019-12-28;28
2019-12-29;24
2019-12-30;129
2019-12-31;87
2020-01-01;44
2020-01-02;225
2020-01-03;107
2020-01-04;12
2020-01-05;14
2020-01-06;80
2020-01-07;273
2020-01-08;316
2020-01-09;311
2020-01-10;249
2020-01-11;49
2020-01-12;32
2020-01-13;304
2020-01-14;291
2020-01-15;285
2020-01-16;270
2020-01-17;223
2020-01-18;31
2020-01-19;25
2020-01-20;235
2020-01-21;268
2020-01-22;364
2020-01-23;351
2020-01-24;216
2020-01-25;41
2020-01-26;34
2020-01-27;353
2020-01-28;348
2020-01-29;340
2020-01-30;351
2020-01-31;315
2020-02-01;39
2020-02-02;43
2020-02-03;243
2020-02-04;340
2020-02-05;345
2020-02-06;267
2020-02-07;307
2020-02-08;59
2020-02-09;32
2020-02-10;363
2020-02-11;356
2020-02-12;377
2020-02-13;324
2020-02-14;355
2020-02-15;34
2020-02-16;43
2020-02-17;242
2020-02-18;342
2020-02-19;328
2020-02-20;363
2020-02-21;262
2020-02-22;12
2020-02-23;13
2020-02-24;14
2020-02-25;37
2020-02-26;108
2020-02-27;184
2020-02-28;465
2020-02-29;67
2020-03-01;39
2020-03-02;280
2020-03-03;350
2020-03-04;337
2020-03-05;307
2020-03-06;259
2020-03-07;36
2020-03-08;26
2020-03-09;326
2020-03-10;310
2020-03-11;364
2020-03-12;392
2020-03-13;544
2020-03-14;50
2020-03-15;19
2020-03-16;368
2020-03-17;338
2020-03-18;323
2020-03-19;465
2020-03-20;433
2020-03-21;42
2020-03-22;32
2020-03-23;203
2020-03-24;205
2020-03-25;230
2020-03-26;217
2020-03-27;157
2020-03-28;51
2020-03-29;31
2020-03-30;172
2020-03-31;233
2020-04-01;227
2020-04-02;220
2020-04-03;153
2020-04-04;67
2020-04-05;38
2020-04-06;268
2020-04-07;207
2020-04-08;157
2020-04-09;156
2020-04-10;102
2020-04-11;37
2020-04-12;22
2020-04-13;213
2020-04-14;195
2020-04-15;216
2020-04-16;161
2020-04-17;159
2020-04-18;46
2020-04-19;37
2020-04-20;173
2020-04-21;92
2020-04-22;169
2020-04-23;165
2020-04-24;140
2020-04-25;36
2020-04-26;33
2020-04-27;165
2020-04-28;173
2020-04-29;183
2020-04-30;224
2020-05-01;50
2020-05-02;28
2020-05-03;38
2020-05-04;185
2020-05-05;210
2020-05-06;168
2020-05-07;221
2020-05-08;184
2020-05-09;30
2020-05-10;14
2020-05-11;190
2020-05-12;201
2020-05-13;220
2020-05-14;203
2020-05-15;213
2020-05-16;35
2020-05-17;38
2020-05-18;200
2020-05-19;189
2020-05-20;191
2020-05-21;193
2020-05-22;154
2020-05-23;28
2020-05-24;34
2020-05-25;179
2020-05-26;196
2020-05-27;226
2020-05-28;194
2020-05-29;168
2020-05-30;48
2020-05-31;22
2020-06-01;188
2020-06-02;187
2020-06-03;193
2020-06-04;177
2020-06-05;151
2020-06-06;47
2020-06-07;50
2020-06-08;189
2020-06-09;206
2020-06-10;230
2020-06-11;87
2020-06-12;102
2020-06-13;18
2020-06-14;37
2020-06-15;200
2020-06-16;205
2020-06-17;198
2020-06-18;205
2020-06-19;260
2020-06-20;45
2020-06-21;35
2020-06-22;265
2020-06-23;224
2020-06-24;199
2020-06-25;291
2020-06-26;175
2020-06-27;53
2020-06-28;34
2020-06-29;50
2020-06-30;348
2020-07-01;231
2020-07-02;240
2020-07-03;216
2020-07-04;30
2020-07-05;63
2020-07-06;262
2020-07-07;241
2020-07-08;270
2020-07-09;227
2020-07-10;198
2020-07-11;46
2020-07-12;32
2020-07-13;225
2020-07-14;210
2020-07-15;212
2020-07-16;238
2020-07-17;182
2020-07-18;49
2020-07-19;52
2020-07-20;206
2020-07-21;279
2020-07-22;346
2020-07-23;272
2020-07-24;226
2020-07-25;43
2020-07-26;23
2020-07-27;230
2020-07-28;274
2020-07-29;262
2020-07-30;298
2020-07-31;266
2020-08-01;33
2020-08-02;42
2020-08-03;315
2020-08-04;299
2020-08-05;339
2020-08-06;306
2020-08-07;227
2020-08-08;36
2020-08-09;33
2020-08-10;267
2020-08-11;251
2020-08-12;316
2020-08-13;263
2020-08-14;243
2020-08-15;45
2020-08-16;66
2020-08-17;297
2020-08-18;309
2020-08-19;355
2020-08-20;297
2020-08-21;300
2020-08-22;33
2020-08-23;47
2020-08-24;301
2020-08-25;368
2020-08-26;296
2020-08-27;361
2020-08-28;310
2020-08-29;62
2020-08-30;48
2020-08-31;359
2020-09-01;392
2020-09-02;369
2020-09-03;332
2020-09-04;318
2020-09-05;17
2020-09-06;24
2020-09-07;41
2020-09-08;347
2020-09-09;382
2020-09-10;312
2020-09-11;279
2020-09-12;36
2020-09-13;35
2020-09-14;350
2020-09-15;327
2020-09-16;269
2020-09-17;332
2020-09-18;239
2020-09-19;58
2020-09-20;40
2020-09-21;348
2020-09-22;316
2020-09-23;297
2020-09-24;279
2020-09-25;236
2020-09-26;40
2020-09-27;46
2020-09-28;228
2020-09-29;426
2020-09-30;380
2020-10-01;274
2020-10-02;256
2020-10-03;84
2020-10-04;52
2020-10-05;249
2020-10-06;221
2020-10-07;255
2020-10-08;214
2020-10-09;218
2020-10-10;36
2020-10-11;30
2020-10-12;46
2020-10-13;257
2020-10-14;340
2020-10-15;466
2020-10-16;294
2020-10-17;52
2020-10-18;41
2020-10-19;324
2020-10-20;305
2020-10-21;298
2020-10-22;254
2020-10-23;184
2020-10-24;62
2020-10-25;31
2020-10-26;305
2020-10-27;328
2020-10-28;264
2020-10-29;375
2020-10-30;258
2020-10-31;60
2020-11-01;47
2020-11-02;55
2020-11-03;267
2020-11-04;240
2020-11-05;277
2020-11-06;292
2020-11-07;69
2020-11-08;79
2020-11-09;258
2020-11-10;266
2020-11-11;256
2020-11-12;216
2020-11-13;204
2020-11-14;45
2020-11-15;35
2020-11-16;176
2020-11-17;228
2020-11-18;230
2020-11-19;208
2020-11-20;232
2020-11-21;50
2020-11-22;76
2020-11-23;293
2020-11-24;369
2020-11-25;336
2020-11-26;382
2020-11-27;317
2020-11-28;49
2020-11-29;54
2020-11-30;416
2020-12-01;318
2020-12-02;328
2020-12-03;291
2020-12-04;342
2020-12-05;96
2020-12-06;146
2020-12-07;325
2020-12-08;339
2020-12-09;402
2020-12-10;386
2020-12-11;266
2020-12-12;83
2020-12-13;120
2020-12-14;338
2020-12-15;416
2020-12-16;421
2020-12-17;333
2020-12-18;322
2020-12-19;52
2020-12-20;47
2020-12-21;139
2020-12-22;214
2020-12-23;230
2020-12-24;48
2020-12-25;48
2020-12-26;44
2020-12-27;69
2020-12-28;165
2020-12-29;222
2020-12-30;148
2020-12-31;111
2021-01-01;29
2021-01-02;17
2021-01-03;37
2021-01-04;128
2021-01-05;122
2021-01-06;98
2021-01-07;201
2021-01-08;156
2021-01-09;30
2021-01-10;36
2021-01-11;263
2021-01-12;714
2021-01-13;426
2021-01-14;362
2021-01-15;287
2021-01-16;187
2021-01-17;168
2021-01-18;267
2021-01-19;258
2021-01-20;322
2021-01-21;230
2021-01-22;177
2021-01-23;44
2021-01-24;41
2021-01-25;286
2021-01-26;353
2021-01-27;273
2021-01-28;297
2021-01-29;283
2021-01-30;167
2021-01-31;100
2021-02-01;328
2021-02-02;336
2021-02-03;342
2021-02-04;274
2021-02-05;299
2021-02-06;141
2021-02-07;61
2021-02-08;319
2021-02-09;369
2021-02-10;360
2021-02-11;257
2021-02-12;245
2021-02-13;39
2021-02-14;37
2021-02-15;116
2021-02-16;148
2021-02-17;221
2021-02-18;284
2021-02-19;288
2021-02-20;51
2021-02-21;59
2021-02-22;315
2021-02-23;324
2021-02-24;250
2021-02-25;349
2021-02-26;295
2021-02-27;74
2021-02-28;78
2021-03-01;286
2021-03-02;293
2021-03-03;305
2021-03-04;246
2021-03-05;228
2021-03-06;55
2021-03-07;73
2021-03-08;236
2021-03-09;312
2021-03-10;284
2021-03-11;299
2021-03-12;308
2021-03-13;72
2021-03-14;54
2021-03-15;313
2021-03-16;266
2021-03-17;303
2021-03-18;282
2021-03-19;344
2021-03-20;79
2021-03-21;58
2021-03-22;331
2021-03-23;375
2021-03-24;254
2021-03-25;315
2021-03-26;313
2021-03-27;96
2021-03-28;86
2021-03-29;305
2021-03-30;350
2021-03-31;294
2021-04-01;186
2021-04-02;68
2021-04-03;50
2021-04-04;35
2021-04-05;259
2021-04-06;320
2021-04-07;265
2021-04-08;342
2021-04-09;323
2021-04-10;82
2021-04-11;164
2021-04-12;212
2021-04-13;237
2021-04-14;262
2021-04-15;274
2021-04-16;257
2021-04-17;59
2021-04-18;57
2021-04-19;298
2021-04-20;242
2021-04-21;117
2021-04-22;270
2021-04-23;336
2021-04-24;115
2021-04-25;58
2021-04-26;307
2021-04-27;578
2021-04-28;355
2021-04-29;488
2021-04-30;428
2021-05-01;37
2021-05-02;62
2021-05-03;301
2021-05-04;270
2021-05-05;281
2021-05-06;318
2021-05-07;307
2021-05-08;41
2021-05-09;42
2021-05-10;273
2021-05-11;432
2021-05-12;239
2021-05-13;299
2021-05-14;250
2021-05-15;36
2021-05-16;48
2021-05-17;266
2021-05-18;286
2021-05-19;298
2021-05-20;296
2021-05-21;267
2021-05-22;55
2021-05-23;53
2021-05-24;243
2021-05-25;279
2021-05-26;277
2021-05-27;291
2021-05-28;5
2021-05-29;3
2021-05-30;3
2021-05-31;344
2021-06-01;301
2021-06-02;348
2021-06-03;104
2021-06-04;248
2021-06-05;52
2021-06-06;65
2021-06-07;371
2021-06-08;310
2021-06-09;317
2021-06-10;252
2021-06-11;228
2021-06-12;50
2021-06-13;83
2021-06-14;249
2021-06-15;340
2021-06-16;306
2021-06-17;283
2021-06-18;294
2021-06-19;52
2021-06-20;85
2021-06-21;217
2021-06-22;270
2021-06-23;288
2021-06-24;231
2021-06-25;239
2021-06-26;46
2021-06-27;51
2021-06-28;289
2021-06-29;357
2021-06-30;309
2021-07-01;289
2021-07-02;239
2021-07-03;31
2021-07-04;43
2021-07-05;293
2021-07-06;357
2021-07-07;310
2021-07-08;263
2021-07-09;251
2021-07-10;57
2021-07-11;54
2021-07-12;283
2021-07-13;259
2021-07-14;330
2021-07-15;294
2021-07-16;287
2021-07-17;51
2021-07-18;34
2021-07-19;280
2021-07-20;345
2021-07-21;332
2021-07-22;171
2021-07-23;308
2021-07-24;49
2021-07-25;50
2021-07-26;341
2021-07-27;342
2021-07-28;313
2021-07-29;322
2021-07-30;267
2021-07-31;50
2021-08-01;43
2021-08-02;260
2021-08-03;280
2021-08-04;312
2021-08-05;290
2021-08-06;224
2021-08-07;34
2021-08-08;37
2021-08-09;292
2021-08-10;299
2021-08-11;288
2021-08-12;367
2021-08-13;247
2021-08-14;57
2021-08-15;40
2021-08-16;298
2021-08-17;355
2021-08-18;325
2021-08-19;310
2021-08-20;242
2021-08-21;54
2021-08-22;51
2021-08-23;309
2021-08-24;257
2021-08-25;338
2021-08-26;314
2021-08-27;302
2021-08-28;58
2021-08-29;70
2021-08-30;283
2021-08-31;375
2021-09-01;303
2021-09-02;292
2021-09-03;264
2021-09-04;64
2021-09-05;62
2021-09-06;244
2021-09-07;66
2021-09-08;291
2021-09-09;285
2021-09-10;239
2021-09-11;38
2021-09-12;64
2021-09-13;273
2021-09-14;274
2021-09-15;322
2021-09-16;304
2021-09-17;248
2021-09-18;49
2021-09-19;58
2021-09-20;302
2021-09-21;293
2021-09-22;433
2021-09-23;332
2021-09-24;266
2021-09-25;54
2021-09-26;95
2021-09-27;338
2021-09-28;348
2021-09-29;340
2021-09-30;411
2021-10-01;283
2021-10-02;45
2021-10-03;57
2021-10-04;260
2021-10-05;283
2021-10-06;289
2021-10-07;319
2021-10-08;312
2021-10-09;44
2021-10-10;138
2021-10-11;184
2021-10-12;57
2021-10-13;292
2021-10-14;317
2021-10-15;270
2021-10-16;47
2021-10-17;58
2021-10-18;348
2021-10-19;231
2021-10-20;377
2021-10-21;275
2021-10-22;290
2021-10-24;37
2021-10-25;363
2021-10-26;306
2021-10-27;301
2021-10-28;353
2021-10-29;349
2021-10-30;80
2021-10-31;48
2021-11-01;176
2021-11-02;73
2021-11-03;235
2021-11-04;262
2021-11-05;250
2021-11-06;81
2021-11-07;71
2021-11-08;331
2021-11-09;293
2021-11-10;266
2021-11-11;338
2021-11-12;260
2021-11-13;33
2021-11-14;43
2021-11-15;60
2021-11-16;304
2021-11-17;325
2021-11-18;330
2021-11-19;289
2021-11-20;51
2021-11-21;66
2021-11-22;276
2021-11-23;313
2021-11-24;123
2021-11-25;346
2021-11-26;323
2021-11-27;49
2021-11-28;47
2021-11-29;327
2021-11-30;413
2021-12-01;297
2021-12-02;276
2021-12-03;269
2021-12-04;64
2021-12-05;55
2021-12-06;302
2021-12-07;454
2021-12-08;258
2021-12-09;299
2021-12-10;461
2021-12-11;222
2021-12-12;57
2021-12-13;266
2021-12-14;305
2021-12-15;315
2021-12-16;357
2021-12-17;388
2021-12-18;60
2021-12-19;59
2021-12-20;291
2021-12-21;286
2021-12-22;266
2021-12-23;272
2021-12-24;147
2021-12-25;44
2021-12-26;65
2021-12-27;248
2021-12-28;198
2021-12-29;268
2021-12-30;199
2021-12-31;98
2022-01-01;19
2022-01-02;31
2022-01-03;118
2022-01-04;155
2022-01-05;197
2022-01-06;99
2022-01-07;141
2022-01-08;41
2022-01-09;32
2022-01-10;228
2022-01-11;253
2022-01-12;332
2022-01-13;195
2022-01-14;193
2022-01-15;44
2022-01-16;35
2022-01-17;251
2022-01-18;220
2022-01-19;260
2022-01-20;301
2022-01-21;192
2022-01-22;58
2022-01-23;39
2022-01-24;259
2022-01-25;226
2022-01-26;381
2022-01-27;335
2022-01-28;277
2022-01-29;64
2022-01-30;57
2022-01-31;413
2022-02-01;264
2022-02-02;283
2022-02-03;295
2022-02-04;230
2022-02-05;71
2022-02-06;69
2022-02-07;365
2022-02-08;363
2022-02-09;347
2022-02-10;433
2022-02-11;260
2022-02-12;107
2022-02-13;85
2022-02-14;497
2022-02-15;655
2022-02-16;579
2022-02-17;319
2022-02-18;320
2022-02-19;47
2022-02-20;51
2022-02-21;240
2022-02-22;288
2022-02-23;335
2022-02-24;376
2022-02-25;361
2022-02-26;62
2022-02-27;59
2022-02-28;70
2022-03-01;50
2022-03-02;209
2022-03-03;270
2022-03-04;315
2022-03-05;80
2022-03-06;51
2022-03-07;337
2022-03-08;337
2022-03-09;317
2022-03-10;353
2022-03-11;288
2022-03-12;68
2022-03-13;35
2022-03-14;329
2022-03-15;403
2022-03-16;321
2022-03-17;345
2022-03-18;471
2022-03-19;449
2022-03-20;87
2022-03-21;514
2022-03-22;424
2022-03-23;278
2022-03-24;458
2022-03-25;317
2022-03-26;87
2022-03-27;62
2022-03-28;572
2022-03-29;312
2022-03-30;358
2022-03-31;387
2022-04-01;253
2022-04-02;69
2022-04-03;62
2022-04-04;276
2022-04-05;283
2022-04-06;359
2022-04-07;308
2022-04-08;256
2022-04-09;81
2022-04-10;65
2022-04-11;306
2022-04-12;329
2022-04-13;371
2022-04-14;202
2022-04-15;100
2022-04-16;78
2022-04-17;29
2022-04-18;311
2022-04-19;286
2022-04-20;330
2022-04-21;148
2022-04-22;228
2022-04-23;68
2022-04-24;59
2022-04-25;305
2022-04-26;352
2022-04-27;501
2022-04-28;474
2022-04-29;475
2022-04-30;75
2022-05-01;55
2022-05-02;350
2022-05-03;362
2022-05-04;327
2022-05-05;346
2022-05-06;266
2022-05-07;71
2022-05-08;35
2022-05-09;364
2022-05-10;353
2022-05-11;438
2022-05-12;361
2022-05-13;302
2022-05-14;78
2022-05-15;96
2022-05-16;410
2022-05-17;387
2022-05-18;416
2022-05-19;451
2022-05-20;386
2022-05-21;146
2022-05-22;73
2022-05-23;495
2022-05-24;400
2022-05-25;479
2022-05-26;421
2022-05-27;355
2022-05-28;78
2022-05-29;53
2022-05-30;378
2022-05-31;418
2022-06-01;382
2022-06-02;344
2022-06-03;393
2022-06-04;102
2022-06-05;90
2022-06-06;411
2022-06-07;462
2022-06-08;442
2022-06-09;357
2022-06-10;317
2022-06-11;66
2022-06-12;58
2022-06-13;382
2022-06-14;2834
2022-06-15;1562
2022-06-16;120
2022-06-17;264
2022-06-18;45
2022-06-19;69
2022-06-20;338
2022-06-21;369
2022-06-22;413
2022-06-23;341
2022-06-24;264
2022-06-25;78
2022-06-26;40
2022-06-27;324
2022-06-28;336
2022-06-29;322
2022-06-30;335
2022-07-01;315
2022-07-02;82
2022-07-03;65
2022-07-04;319
2022-07-05;343
2022-07-06;323
2022-07-07;377
2022-07-08;291
2022-07-09;87
2022-07-10;47
2022-07-11;351
2022-07-12;480
2022-07-13;391
2022-07-14;318
2022-07-15;342
2022-07-16;24
2022-07-17;38
2022-07-18;395
2022-07-19;2817
2022-07-20;488
2022-07-21;398
2022-07-22;342
2022-07-23;55
2022-07-24;51
2022-07-25;374
2022-07-26;396
2022-07-27;362
2022-07-28;434
2022-07-29;332
2022-07-30;84
2022-07-31;108
2022-08-01;382
2022-08-02;387
2022-08-03;370
2022-08-04;322
2022-08-05;288
2022-08-06;57
2022-08-07;53
2022-08-08;327
2022-08-09;362
2022-08-10;279
2022-08-11;322
2022-08-12;254
2022-08-13;58
2022-08-14;35
2022-08-15;217
2022-08-16;378
2022-08-17;363
2022-08-18;341
2022-08-19;327
2022-08-20;49
2022-08-21;55
2022-08-22;337
2022-08-23;417
2022-08-24;410
2022-08-25;364
2022-08-26;352
2022-08-27;7
2022-08-28;7
2022-08-29;349
2022-08-30;363
2022-08-31;358
2022-09-01;293
2022-09-02;308
2022-09-03;46
2022-09-04;61
2022-09-05;661
2022-09-06;2913
2022-09-07;769
2022-09-08;1745
2022-09-09;810
2022-09-10;382
2022-09-11;521
2022-09-12;864
2022-09-13;571
2022-09-14;676
2022-09-15;2250
2022-09-16;1952
2022-09-17;100
2022-09-18;98
2022-09-19;2292
2022-09-20;1134
2022-09-21;1341
2022-09-22;394
2022-09-23;1339
2022-09-24;786
2022-09-25;86
2022-09-26;2119
2022-09-27;2803
2022-09-28;361
2022-09-29;364
2022-09-30;295
2022-10-01;759
2022-10-02;2338
2022-10-03;151
2022-10-04;319
2022-10-05;367
2022-10-06;2199
2022-10-07;1317
2022-10-08;270
2022-10-09;31
2022-10-10;212
2022-10-11;1359
2022-10-12;215
2022-10-13;465
2022-10-14;343
2022-10-15;60
2022-10-16;49
2022-10-17;343
2022-10-18;313
2022-10-19;437
2022-10-20;440
2022-10-21;326
2022-10-22;106
2022-10-23;78
2022-10-24;353
2022-10-25;409
2022-10-26;370
2022-10-27;370
2022-10-28;335
2022-10-29;62
2022-10-30;61
2022-10-31;408
2022-11-01;290
2022-11-02;98
2022-11-03;378
2022-11-04;261
2022-11-05;32
2022-11-06;102
2022-11-07;387
2022-11-08;323
2022-11-09;369
2022-11-10;342
2022-11-11;290
2022-11-12;110
2022-11-13;72
2022-11-14;230
2022-11-15;167
2022-11-16;344
2022-11-17;463
2022-11-18;387
2022-11-19;137
2022-11-20;134
2022-11-21;467
2022-11-22;417
2022-11-23;375
2022-11-24;906
2022-11-25;438
2022-11-26;111
2022-11-27;96
2022-11-28;281
2022-11-29;423
2022-11-30;390
2022-12-01;360
2022-12-02;230
2022-12-03;99
2022-12-04;101
2022-12-05;308
2022-12-06;362
2022-12-07;409
2022-12-08;362
2022-12-09;195
2022-12-10;134
2022-12-11;118
2022-12-12;422
2022-12-13;406
2022-12-14;893
2022-12-15;426
2022-12-16;407
2022-12-17;75
2022-12-18;78
2022-12-19;470
2022-12-20;321
2022-12-21;329
2022-12-22;335
2022-12-23;242
2022-12-24;33
2022-12-25;59
2022-12-26;261
2022-12-27;1
2022-12-28;161
2022-12-29;441
2022-12-30;314
2022-12-31;59
2023-01-01;20
2023-01-02;157
2023-01-03;190
2023-01-04;204
2023-01-05;217
2023-01-06;178
2023-01-07;53
2023-01-08;33
2023-01-09;228
2023-01-10;301
2023-01-11;290
2023-01-12;307
2023-01-13;253
2023-01-14;47
2023-01-15;44
2023-01-16;288
2023-01-17;294
2023-01-18;353
2023-01-19;396
2023-01-20;261
2023-01-21;52
2023-01-22;49
2023-01-23;281
2023-01-24;353
2023-01-25;373
2023-01-26;386
2023-01-27;275
2023-01-28;70
2023-01-29;47
2023-01-30;358
2023-01-31;403
2023-02-01;321
2023-02-02;359
2023-02-03;319
2023-02-04;76
2023-02-05;69
2023-02-06;327
2023-02-07;386
2023-02-08;370
2023-02-09;346
2023-02-10;345
2023-02-11;70
2023-02-12;53
2023-02-13;306
2023-02-14;507
2023-02-15;350
2023-02-16;395
2023-02-17;331
2023-02-18;60
2023-02-19;57
2023-02-20;62
2023-02-21;43
2023-02-22;178
2023-02-23;314
2023-02-24;340
2023-02-25;95
2023-02-26;73
2023-02-27;444
2023-02-28;496
2023-03-01;345
2023-03-02;361
2023-03-03;337
2023-03-04;79
2023-03-05;70
2023-03-06;442
2023-03-07;431
2023-03-08;415
2023-03-09;346
2023-03-10;385
2023-03-11;89
2023-03-12;56
2023-03-13;545
2023-03-14;442
2023-03-15;369
2023-03-16;358
2023-03-17;406
2023-03-18;63
2023-03-19;115
2023-03-20;436
2023-03-21;464
2023-03-22;376
2023-03-23;449
2023-03-24;363
2023-03-25;50
2023-03-26;171
2023-03-27;406
2023-03-28;481
2023-03-29;385
2023-03-30;411
2023-03-31;368
2023-04-01;92
2023-04-02;113
2023-04-03;403
2023-04-04;396
2023-04-05;382
2023-04-06;252
2023-04-07;87
2023-04-08;52
2023-04-09;86
2023-04-10;344
2023-04-11;393
2023-04-12;420
2023-04-13;432
2023-04-14;410
2023-04-15;119
2023-04-16;99
2023-04-17;389
2023-04-18;419
2023-04-19;399
2023-04-20;393
2023-04-21;27
2023-04-22;132
2023-04-23;87
2023-04-24;431
2023-04-25;494
2023-04-26;464
2023-04-27;456
2023-04-28;439
2023-04-29;89
2023-04-30;79
2023-05-01;99
2023-05-02;410
2023-05-03;406
2023-05-04;433
2023-05-05;343
2023-05-06;98
2023-05-07;74
2023-05-08;396
2023-05-09;456
2023-05-10;396
2023-05-11;435
2023-05-12;411
2023-05-13;92
2023-05-14;64
2023-05-15;431
2023-05-16;442
2023-05-17;495
2023-05-18;429
2023-05-19;455
2023-05-20;85
2023-05-21;68
2023-05-22;439
2023-05-23;424
2023-05-24;451
2023-05-25;413
2023-05-26;337
2023-05-27;105
2023-05-28;110
2023-05-29;472
2023-05-30;488
2023-05-31;506
2023-06-01;314
2023-06-02;341
2023-06-03;83
2023-06-04;93
2023-06-05;428
2023-06-06;404
2023-06-07;425
2023-06-08;142
2023-06-09;202
2023-06-10;113
2023-06-11;70
2023-06-12;405
2023-06-13;412
2023-06-14;401
2023-06-15;429
2023-06-16;337
2023-06-17;83
2023-06-18;78
2023-06-19;395
2023-06-20;473
2023-06-21;435
2023-06-22;460
2023-06-23;320
2023-06-24;66
2023-06-25;51
2023-06-26;430
2023-06-27;461
2023-06-28;422
2023-06-29;458
2023-06-30;328
2023-07-01;72
2023-07-02;75
2023-07-03;345
2023-07-04;367
2023-07-05;461
2023-07-06;435
2023-07-07;376
2023-07-08;55
2023-07-09;86
2023-07-10;449
2023-07-11;406
2023-07-12;399
2023-07-13;375
2023-07-14;382
2023-07-15;50
2023-07-16;36
2023-07-17;434
2023-07-18;535
2023-07-19;453
2023-07-20;426
2023-07-21;370
2023-07-22;59
2023-07-23;57
2023-07-24;459
2023-07-25;467
2023-07-26;467
2023-07-27;497
2023-07-28;450
2023-07-29;89
2023-07-30;103
2023-07-31;514
2023-08-01;434
2023-08-02;413
2023-08-03;351
2023-08-04;429
2023-08-05;77
2023-08-06;68
2023-08-07;406
2023-08-08;449
2023-08-09;442
2023-08-10;463
2023-08-11;367
2023-08-12;77
2023-08-13;60
2023-08-14;455
2023-08-15;393
2023-08-16;387
2023-08-17;451
2023-08-18;377
2023-08-19;84
2023-08-20;73
2023-08-21;431
2023-08-22;559
2023-08-23;507
2023-08-24;473
2023-08-25;429
2023-08-26;3
2023-08-28;532
2023-08-29;516
2023-08-30;620
2023-08-31;567
2023-09-01;399
2023-09-02;71
2023-09-03;97
2023-09-04;465
2023-09-05;541
2023-09-06;444
2023-09-07;74
2023-09-08;280
2023-09-09;134
2023-09-10;58
2023-09-11;441
2023-09-12;512
2023-09-13;473
2023-09-14;466
2023-09-15;469
2023-09-16;57
2023-09-17;65
2023-09-18;431
2023-09-19;478
2023-09-20;594
2023-09-21;464
2023-09-22;466
2023-09-23;108
2023-09-24;92
2023-09-25;565
2023-09-26;520
2023-09-27;538
2023-09-28;501
2023-09-29;433
2023-09-30;90
2023-10-01;124
2023-10-02;371
2023-10-03;161
2023-10-04;501
2023-10-05;450
2023-10-06;359
2023-10-07;81
2023-10-08;75
2023-10-09;560
2023-10-10;499
2023-10-11;494
2023-10-12;86
2023-10-13;285
2023-10-14;58
2023-10-15;68
2023-10-16;484
2023-10-17;511
2023-10-18;602
2023-10-19;506
2023-10-20;493
2023-10-21;1
2023-10-22;106
2023-10-23;491
2023-10-24;523
2023-10-25;492
2023-10-26;571
2023-10-27;507
2023-10-28;74
2023-10-29;86
2023-10-30;491
2023-10-31;547
2023-11-01;447
2023-11-04;6
2023-11-05;93
2023-11-06;565
2023-11-07;611
2023-11-08;491
2023-11-09;527
2023-11-10;459
2023-11-11;70
2023-11-12;76
2023-11-13;536
2023-11-14;498
2023-11-15;121
2023-11-16;483
2023-11-17;535
2023-11-18;80
2023-11-19;58
2023-11-20;436
2023-11-21;433
2023-11-22;554
2023-11-23;554
2023-11-24;501
2023-11-25;94
2023-11-26;50
2023-11-27;437
2023-11-28;552
2023-11-29;537
2023-11-30;579
2023-12-01;384
2023-12-02;79
2023-12-03;57
2023-12-04;415
2023-12-05;458
2023-12-06;502
2023-12-07;541
2023-12-08;314
2023-12-09;88
2023-12-10;70
2023-12-11;413
2023-12-12;528
2023-12-13;481
2023-12-14;423
2023-12-15;316
2023-12-16;54
2023-12-17;66
2023-12-18;505
2023-12-19;643
2023-12-20;432
2023-12-21;359
2023-12-22;260
2023-12-23;93
2023-12-24;91
2023-12-25;77
2023-12-26;292
2023-12-27;333
2023-12-28;439
2023-12-29;2
2023-12-30;2
2023-12-31;124
2024-01-01;51
2024-01-02;246
2024-01-03;213
2024-01-04;374
2024-01-05;254
2024-01-06;53
2024-01-07;43
2024-01-08;360
2024-01-09;341
2024-01-10;442
2024-01-11;452
2024-01-12;393
2024-01-13;71
2024-01-14;56
2024-01-15;388
2024-01-16;461
2024-01-17;510
2024-01-18;622
2024-01-19;359
2024-01-20;55
2024-01-21;65
2024-01-22;488
2024-01-23;436
2024-01-24;451
2024-01-25;519
2024-01-26;400
2024-01-27;65
2024-01-28;75
2024-01-29;464
2024-01-30;595
2024-01-31;502
2024-02-01;428
2024-02-02;432
2024-02-03;93
2024-02-04;55
2024-02-05;392
2024-02-06;474
2024-02-07;481
2024-02-08;489
2024-02-09;531
2024-02-10;86
2024-02-11;54
2024-02-12;69
2024-02-13;72
2024-02-14;176
2024-02-15;734
2024-02-16;1232
2024-02-17;86
2024-02-18;102
2024-02-19;821
2024-02-20;587
2024-02-21;530
2024-02-22;465
2024-02-23;455
2024-02-24;90
2024-02-25;65
2024-02-26;469
2024-02-27;565
2024-02-28;542
2024-02-29;556
2024-03-01;387
2024-03-02;132
2024-03-03;76
2024-03-04;632
2024-03-05;516
2024-03-06;587
2024-03-07;576
2024-03-08;359
2024-03-09;59
2024-03-10;102
2024-03-11;464
2024-03-12;515
2024-03-13;649
2024-03-14;665
2024-03-15;390
2024-03-16;107
2024-03-17;92
2024-03-18;823
2024-03-19;475
2024-03-20;465
2024-03-21;471
2024-03-22;492
2024-03-23;89
2024-03-24;134
2024-03-25;502
2024-03-26;506
2024-03-27;509
2024-03-28;294
2024-03-29;135
2024-03-30;74
2024-03-31;93
2024-04-01;373
2024-04-02;680
2024-04-03;474
2024-04-04;469
2024-04-05;440
2024-04-06;115
2024-04-07;95
2024-04-08;402
2024-04-09;449
2024-04-10;531
2024-04-11;400
2024-04-12;437
2024-04-13;96
2024-04-14;116
2024-04-15;479
2024-04-16;457
2024-04-17;479
2024-04-18;516
2024-04-19;451
2024-04-20;136
2024-04-21;90
2024-04-22;573
2024-04-23;425
2024-04-24;402
2024-04-25;485
2024-04-26;430
2024-04-27;116
2024-04-28;102
2024-04-29;493
2024-04-30;535
2024-05-01;125
2024-05-02;329
2024-05-03;320
2024-05-04;91
2024-05-05;51
2024-05-06;559
2024-05-07;383
